Timestamp,WS600 Temperature,External Temperature,WS600 pressure,External Pressure,WS600 Humidity,External Humidity,Dew Point,External Dew Point,Wind Speed,External Wind Speed,Precipitation,SMP21 GHI max,G-1 GHI max,SMP21 GHI mean,G-1 GHI mean,SMP21 DHI max,SMP21 DHI mean,SHP1 DNI max,D2 DNI max,SHP1 DNI mean,D2 DNI mean,SMP21 GTI max,G-2 GTI max,SMP21 GTI mean,G-2 GTI mean,O3 max,O3 nasa
2019-07-01,22.519209227871936,20.916666666666668,100.08661404190211,98.74243462171053,58.050552495291896,71.20833333333333,13.282530508474574,15.291666666666666,1.5596370409604516,3.1666666666666665,0.0,825.08365,803.4745000000001,318.8116402777777,310.1728819444444,,,802.3605000000003,1.4370000000000007,323.93924236111116,0.1709652777777778,787.5650000000002,775.7013333333335,266.5083875000001,261.9358402777778,0.0,292
2019-07-02,23.46884832428883,21.958333333333332,99.68098825577358,98.35524424342105,74.90498560499059,86.04166666666667,18.559707846416888,19.375,1.4642613966944198,2.4166666666666665,49.8705239361702,498.5888833333333,484.629,145.3772381578947,142.57313779239766,,,53.54956666666668,0.12916666666666668,5.0797637426900595,0.005381944444444445,448.61319999999995,442.54599999999994,121.31440475146199,120.62223355263153,0.0,311
2019-07-03,24.200495762711856,23.375,99.86822709510359,98.53911800986843,72.36870739171376,79.75,18.49019010122411,19.25,1.4731730600942552,1.6666666666666667,0.0,967.04815,946.7151666666665,310.1319104166666,302.32338888888887,,,820.20735,0.7100000000000003,277.40340902777774,0.05644444444444446,968.9673666666664,958.3958333333334,278.98144722222224,274.74392361111114,0.0,305
2019-07-04,22.896834451506592,23.625,100.2557713512241,98.91297615131577,76.04850656779662,79.58333333333333,18.325257933145007,19.666666666666668,1.847488679916886,2.7916666666666665,0.0,925.4446333333332,903.5181666666665,328.3670319444444,320.65363888888885,,,818.8397833333335,0.6711666666666668,337.2082611111111,0.03279166666666667,909.756766666667,899.3706666666666,282.14925902777776,278.1520416666666,0.0,318
2019-07-05,25.967761028719394,24.916666666666668,100.19975662664785,98.90186595394738,76.81116121704332,86.83333333333333,21.261590419020717,22.291666666666668,1.6463555265835754,3.25,6.4399999999999995,766.9895666666666,746.3168333333334,253.45076319444445,247.0804444444445,,,632.9595333333332,0.35600000000000004,200.90282569444443,0.030819444444444444,727.9931999999995,714.0344999999999,220.1329006944444,217.16727777777783,0.0,319
2019-07-06,24.563647775423732,23.75,99.97430507607294,98.65521957236841,85.23928309235306,93.75,21.826236595549606,22.583333333333332,1.745474987770481,2.7916666666666665,51.540875,818.3239666666666,804.3629999999999,174.02474967105263,170.67127997076022,,,637.0832999999999,0.0485,75.68600208333332,0.0020208333333333332,777.4487833333333,768.0396666666663,149.88308351608183,148.55743457602338,0.0,329
2019-07-07,20.058213519650288,19.375,100.26494682168322,98.86464679276315,65.96157061582208,72.25,13.223294999363384,13.791666666666666,3.3656812680375174,6.083333333333333,0.0,948.1794666666666,934.9304999999998,336.1584929170911,330.43547068903325,,,858.7785833333335,0.6141666666666664,359.5574186237373,0.0342986111111111,926.4519333333332,921.6514999999998,291.795285813492,289.11275171356425,0.0,320
2019-07-08,19.974795692090396,19.458333333333332,100.32347882532956,98.9290859375,58.11308290960451,62.5,10.886282274011302,11.708333333333334,1.3728197971459188,2.5833333333333335,0.0,873.9978666666669,870.5789999999997,307.65130277777774,306.2034166666666,,,624.2891833333331,1.3323333333333331,221.69700069444443,0.17452083333333332,857.6787666666667,864.0973333333334,269.7865763888889,270.8438472222222,0.0,298
2019-07-09,20.707298340395475,20.5,100.43492000941622,99.04629851973685,57.035371763182674,61.791666666666664,10.895159922316386,12.375,1.440588886974112,2.0416666666666665,0.0,889.8685833333333,884.8405000000001,312.47242847222225,310.8211736111111,,,623.2581666666667,1.2893333333333332,223.0311173611111,0.15296527777777777,863.7265,865.0001666666666,274.63036180555554,275.17403472222213,0.0,346
2019-07-10,21.607109074858755,22.82608695652174,100.08155572033901,98.75303761441648,68.67123383945385,69.91304347826087,15.472794326741996,16.82608695652174,1.7147091022525751,1.9565217391304348,0.22500000000000142,905.2260666666666,887.5076666666669,315.8093020833333,309.98348611111106,,,712.8799166666665,0.8183333333333332,275.2645611111111,0.070125,878.5044333333334,872.0695000000001,275.3193194444445,272.6079513888889,0.0,306
2019-07-11,24.146362953890065,23.125,99.49512437249884,98.18636924342104,72.1151806276483,80.91666666666667,18.688328745144776,19.541666666666668,2.1695681806144065,4.541666666666667,13.271437499999998,910.2405500000001,890.7096666666667,221.5241783854167,216.41230946180556,,,796.1602666666665,0.7636666666666667,146.599615234375,0.050513888888888886,895.792966666667,885.7478333333332,188.94896432291668,187.03997482638889,0.0,300
2019-07-12,19.749459604519775,18.0,99.8050433851224,98.40524013157894,72.34195802730697,84.70833333333333,14.521119303201507,15.25,1.8748504590395472,3.4166666666666665,0.0,487.49953333333326,478.3768333333334,156.45866249999995,153.1440625,,,666.4983166666667,0.06316666666666666,72.58981666666668,0.0034999999999999996,396.01978333333335,390.1106666666667,117.62603819444443,116.33024999999999,0.0,304
2019-07-13,23.5180575094162,21.458333333333332,99.90325559086627,98.5674490131579,68.67880148305085,82.25,17.078192914312616,17.958333333333332,3.158496151129943,5.083333333333333,0.0,906.8728333333331,888.2724999999997,288.09098194444454,281.84863194444443,,,771.4351333333332,0.5416666666666666,279.97244236111106,0.026375,880.2813166666668,872.5341666666667,248.9500958333334,246.28580555555558,0.0,303
2019-07-14,23.161523752354054,21.166666666666668,100.39833910075329,99.02796669407896,52.258484274952906,62.458333333333336,12.348246633709984,13.333333333333334,1.754542973163842,3.6666666666666665,0.0,965.8453666666669,954.8056666666665,352.47671180555557,346.8997430555555,,,926.9635000000003,0.015000000000000001,451.49918263888884,0.000625,941.16895,935.5339999999998,297.2735354166667,294.0226111111111,0.0,296
2019-07-15,22.767695915725046,20.791666666666668,100.46650800376648,99.10573807565787,56.9622762594162,69.16666666666667,12.974992643596991,14.333333333333334,1.4147069562146892,2.4583333333333335,0.0,913.1942500000002,895.7066666666666,304.81431736111114,299.66738194444446,,,799.2342166666665,0.21983333333333333,302.1906763888889,0.018770833333333334,887.1801666666669,878.3576666666667,267.94656944444444,264.2865208333333,0.0,301
2019-07-16,25.07217879001884,24.0,100.07001703154425,98.76076644736843,71.28604367937852,78.5,19.161717431732576,19.75,2.3984090866290013,4.708333333333333,5.872,708.8927166666666,693.6841666666668,217.51504444444438,213.40118750000002,372.91898333333324,122.80383958333336,802.1555500000001,369.2758333333333,148.15156944444448,32.56028472222222,680.2980333333334,668.967,182.1310548611111,180.0292638888889,153.73333333333332,304
2019-07-17,24.048747387005648,23.458333333333332,99.83782954331451,98.51689761513155,87.237261393597,92.45833333333333,21.72907032721281,22.041666666666668,1.6653645480225991,3.125,19.63559322033898,843.5283999999999,823.6329999999997,179.10323680555555,175.52163888888882,485.8716333333334,78.96140416666667,814.8729666666666,811.1406666666666,147.47323749999995,146.5635486111111,794.8976500000002,782.7131666666668,150.74866041666667,149.36318055555554,332.03333333333336,324
2019-07-18,24.346134675141244,23.583333333333332,99.8787640536723,98.56411595394734,83.65914516242937,89.375,21.20407744821092,21.5,2.0344908898305083,3.3333333333333335,0.0,912.4904666666664,893.0134999999998,226.37906297080977,220.91429861111112,514.2006666666667,112.61918402777775,811.87825,808.2215000000002,147.7538076388889,147.44911805555554,880.2616166666667,871.4658333333335,198.6067435969869,196.1931597222222,327.45,288
2019-07-19,26.316359251412425,24.833333333333332,99.6058373940678,98.31802508223684,81.09516182909603,92.54166666666667,22.768830296610172,23.458333333333332,2.4318756473634644,4.666666666666667,4.8629999999999995,658.9148666666665,642.2711666666667,163.12443472222222,159.5917777777778,414.17181666666664,118.1625215277778,405.7982,405.7415,78.76960625000001,77.48577777777777,595.6260666666668,588.3196666666668,129.50659027777778,128.31316666666666,240.45,293
2019-07-20,28.170723152071574,26.541666666666668,99.60470563794729,98.3380234375,74.57224888182675,85.375,22.81127935499059,23.625,2.7789723646827724,5.041666666666667,6.6370000000000005,843.4811833333333,825.4186666666664,262.2392493055555,255.71815972222217,425.97376666666673,110.82200069444441,738.4798333333335,739.6841666666666,191.10127222222226,191.6917361111111,846.4698499999997,835.5165000000001,232.7827763888889,230.08822916666668,314.3833333333333,299
2019-07-21,24.468183333333332,22.875,99.82827802495292,98.4819004934211,63.194201706685504,74.20833333333333,16.094944373822972,17.458333333333332,1.9777841925612059,3.8333333333333335,0.6989999999999981,865.4812000000001,846.4413333333333,236.16275258945385,230.62828472222222,482.02350000000007,121.49494583333332,792.3532666666664,791.9096666666666,156.62508680555553,155.88011111111115,862.4617333333331,855.8633333333332,208.78774513888888,206.7607361111111,288.01666666666665,298
2019-07-22,21.14616949152542,19.833333333333332,99.83098622881356,98.45801356907894,72.60814167843691,82.41666666666667,15.865808239171374,16.541666666666668,1.302274148483668,1.875,3.1070000000000135,709.518883333333,693.0643333333334,166.95706527777776,163.27124999999998,537.3039166666669,140.89914097222226,304.40968333333336,305.2546666666666,29.706290972222224,30.055215277777776,661.8891833333332,653.2411666666665,142.7911951388889,141.31814583333332,107.16666666666667,295
2019-07-23,21.585234451506583,19.583333333333332,99.99454948210918,98.60966776315792,51.56539997645951,64.54166666666667,10.494406991525423,12.208333333333334,1.5566768479284363,3.0833333333333335,0.0,951.2058833333333,938.7565000000001,313.3070479166666,308.94166666666666,348.06893333333323,95.35246180555556,857.0326,857.5946666666667,309.17353541666665,307.5716458333333,939.8756833333337,931.4858333333335,275.31887152777773,272.63521527777783,347.9,298
2019-07-24,21.5741698799435,19.541666666666668,100.36789841101694,98.96574958881581,51.849769656308844,62.25,10.5535885240113,11.666666666666666,1.2178778013182672,2.4583333333333335,0.0,925.9309333333334,913.5500000000001,302.83537916666666,298.36105555555554,292.2951833333333,100.79751249999998,779.6828000000003,780.4708333333335,285.0320222222222,282.2912638888889,915.4772166666664,911.2109999999999,268.32627083333324,266.391125,389.45,297
2019-07-25,23.10894491525423,21.083333333333332,100.6999603460452,99.32683100328948,55.15273014359698,68.29166666666667,13.196253060263656,14.458333333333334,2.3877708097928427,3.625,0.0,893.2291499999998,882.0099999999999,321.19252638888884,315.98247222222216,298.615,101.39616319444444,793.2937500000002,793.3528333333335,310.0749319444445,307.7509305555555,891.7555333333332,885.1819999999999,284.0664701388889,281.9316944444444,395.8,298
2019-07-26,24.074909251412432,21.375,100.98524174905839,99.62236225328947,63.04477285781544,78.79166666666667,16.147777236346517,17.166666666666668,1.8961442914312618,3.0,0.0,852.1916333333335,840.768833333333,258.27784583333334,254.32186111111105,273.3442333333333,103.88388263888889,720.848883333333,720.4981666666666,227.51313402777774,225.30413194444444,857.7416666666668,850.7703333333335,229.71043333333338,227.95809722222225,361.1166666666667,294
2019-07-27,25.119044644538604,22.958333333333332,100.67521709039549,99.35571751644738,60.809663806497184,74.83333333333333,16.48254100753295,17.75,2.9389131801520048,4.625,0.0,884.6398833333334,868.9053333333335,267.2821770833333,262.4679305555556,434.28259999999995,144.56357013888888,726.2847333333333,728.5606666666665,187.0979055555555,185.86215277777777,866.2864666666665,859.9653333333333,231.2051888888889,229.55576388888892,324.65,285
2019-07-28,25.56851434792844,23.291666666666668,100.21593975988701,98.91019860197368,70.2222736346516,84.5,19.53017026836158,20.375,3.2151832509416196,5.333333333333333,2.164999999999992,933.5597333333332,918.7175000000002,300.77279236111104,294.6936875,337.3758166666667,116.317625,673.4483999999998,674.2803333333335,264.45666597222225,264.98029861111115,931.1402499999999,923.8579999999998,270.87926111111113,268.03332638888884,340.81666666666666,301
2019-07-29,25.777025164783414,24.125,99.91589799905837,98.61633388157895,69.56973551082861,80.75,19.25314850517891,20.166666666666668,3.0174415018832383,5.375,3.061000000000007,896.0259833333333,878.9213333333333,283.7984513888889,278.1358125,385.08646666666664,114.95399166666664,704.0983500000001,702.2556666666668,234.8749923611111,234.35127083333336,888.4922333333335,880.4553333333338,256.87995138888886,253.97943750000005,328.3333333333333,288
2019-07-30,24.381826730225992,22.875,99.96833532250473,98.6285550986842,72.81924783427495,82.625,18.635600529661016,19.375,1.8958551789077214,3.6666666666666665,18.354593220338984,924.4374000000003,908.336,278.75370347222224,273.3381666666667,465.3510833333335,115.53203611111114,795.3473999999999,796.7428333333334,220.28971666666666,220.08887499999994,911.0271166666665,902.2723333333332,251.2460763888889,248.66173611111114,367.98333333333335,298
2019-07-31,22.77790349576271,21.291666666666668,100.4706211982109,99.08685074013157,58.57123375706214,68.91666666666667,13.924422269303205,14.916666666666666,1.345353872410546,2.625,0.0,889.1999,875.2795000000001,300.66327708333324,295.675625,370.75250000000017,104.82598680555556,811.3426833333332,808.0313333333332,295.0834361111111,292.66405555555554,888.0872999999999,879.8148333333335,271.1401430555556,268.67313194444444,380.53333333333336,297
2019-08-01,20.675095315442565,19.833333333333332,100.72961189971751,99.32571998355264,63.13535315442561,67.16666666666667,13.253683309792843,13.291666666666666,1.8854695605208616,2.875,0.0,922.6139333333334,913.6589999999999,319.8298277777778,315.9983125,167.5988,75.01622777777779,828.4225166666664,826.8268333333334,350.9867451388889,348.546875,939.2321500000002,934.186666666667,291.5346152777778,289.25177777777776,383.96666666666664,294
2019-08-02,20.81708341572505,20.375,100.6215720574388,99.2368384046053,58.66790715630885,61.875,11.716028460451978,12.208333333333334,1.7610178879310343,2.6666666666666665,0.0,932.7172833333336,926.2803333333333,325.23478402777783,321.98242361111113,147.55156666666664,65.59284166666667,861.2831166666664,861.7491666666668,382.18499861111104,379.04990972222225,953.5926166666669,950.6086666666663,297.2671486111111,295.3223472222223,387.28333333333336,291
2019-08-03,23.206513759416193,21.25,100.27033183851223,98.91742023026318,56.45107674199624,66.20833333333333,13.500533568738227,14.291666666666666,1.592224411487759,2.6666666666666665,0.0,897.1214500000001,880.9398333333336,300.4407569444445,294.9956458333333,302.8030166666667,79.35709930555555,836.9613000000002,833.464,321.7863395833333,318.31295138888885,923.2262499999999,915.2003333333333,278.7114548611111,275.5941597222222,356.96666666666664,290
2019-08-04,21.375277895480227,20.869565217391305,100.23508088512239,98.86665145881007,67.53456583097928,74.8695652173913,14.93313318032015,15.869565217391305,2.0554083431032164,2.608695652173913,0.0,880.0846166666668,869.6661666666666,286.6313152777778,282.0845486111111,358.54151666666684,103.2856625,819.4481166666665,816.1539999999999,257.2146333333333,255.39213888888898,907.992883333333,899.6100000000002,263.5962638888889,261.22393055555557,364.8333333333333,289
2019-08-05,23.118665218926555,21.695652173913043,99.99218461628999,98.6631899313501,65.59298830037665,75.78260869565217,15.974260863935974,16.956521739130434,1.4277287881603729,2.5217391304347827,0.3919999999999817,881.9063333333332,862.634,262.04675625000004,257.4189583333333,342.1177833333333,97.99585138888888,776.9976166666667,773.7829999999997,245.25415625000002,246.49873611111113,855.517016666667,848.1836666666665,240.34760277777775,238.0713888888888,341.76666666666665,294
2019-08-06,23.489867443502828,21.583333333333332,99.42635474340864,98.09748766447366,79.99223759416198,91.54166666666667,19.722455426082863,20.0,1.680196551318267,3.875,10.550000000000011,686.25665,672.8249999999997,164.26314652777782,161.9178472222222,483.97758333333314,122.0385673611111,393.64918333333327,396.7236666666667,65.52998958333332,64.8715902777778,625.75665,619.8256666666668,142.71106944444446,141.6508888888889,198.3,285
2019-08-07,24.096943326271187,22.375,99.41406371233522,98.0819333881579,68.05379970574388,79.04166666666667,17.23284516242938,18.083333333333332,1.4908774007240728,2.4583333333333335,0.0,900.5899333333333,884.3921666666665,272.3903604166667,266.6600555555555,362.46831666666674,122.21012152777782,765.2221499999996,766.7116666666666,218.86974097222222,218.63070138888887,914.3076000000002,905.5178333333332,250.33208125,247.62761805555556,352.01666666666665,284
2019-08-08,21.53872788370998,20.208333333333332,99.20299021892656,97.84973026315792,71.61477894303202,81.08333333333333,15.928096327683617,16.458333333333332,2.248696257062147,4.583333333333333,6.614000000000004,694.1844333333336,683.572,207.6147854166667,204.15311805555552,394.68078333333335,103.25490069444446,701.6511999999999,699.4043333333332,179.58109513888886,180.33305555555555,677.0756166666665,671.1278333333333,179.88962222222224,179.00945138888892,361.96666666666664,292
2019-08-09,20.76112123352166,19.291666666666668,99.59924874058383,98.22081085526314,60.76711174670431,68.95833333333333,12.324900894538608,12.916666666666666,2.53765559086629,4.583333333333333,0.0,832.8099500000003,823.208666666667,268.9474340277779,265.18095138888896,338.34905000000003,92.55486597222222,848.55235,846.6828333333332,280.71411736111105,279.25584722222226,850.3560833333335,845.6366666666667,246.66815763888886,245.11350000000002,354.2,295
2019-08-10,19.8454934086629,18.434782608695652,100.01007855461393,98.61044064645309,56.405267137476464,65.30434782608695,10.268799646892655,11.08695652173913,2.2863211511299433,4.173913043478261,0.0,762.6375833333332,756.2579999999999,288.69119861111113,284.7450694444444,323.61623333333335,74.83479375,883.2193000000003,880.7716666666669,354.806276388889,354.0632986111111,785.2270666666664,779.3440000000002,265.6640347222222,263.79956250000004,347.0833333333333,294
2019-08-11,21.681681873822978,18.875,100.27410128295669,98.89186677631581,58.47582437617702,75.125,12.832372375235407,13.958333333333334,2.3918862994350283,3.9166666666666665,0.0,834.5583666666668,822.2253333333335,282.33600416666667,277.95788194444447,359.4789,103.29866111111113,819.5864666666669,817.8744999999999,286.52233402777784,287.2505902777778,868.5425833333334,863.5186666666671,263.8204944444444,261.9522708333334,335.3,286
2019-08-12,24.136234051318265,22.25,99.83475789783427,98.50634292763158,67.64301207627118,81.33333333333333,17.503692714218456,18.583333333333332,2.209241337099812,3.9166666666666665,0.0,796.3653833333335,781.5206666666668,161.05152430555555,158.14813194444443,375.59286666666674,109.84328194444443,674.8485000000002,673.08,61.68732708333334,61.83940277777777,855.0223333333334,848.4375,150.17602638888886,149.32131944444444,256.35,307
2019-08-13,22.94895639124294,22.291666666666668,99.54494136064032,98.1958129111842,69.66954274952919,78.75,16.88310945150659,18.125,1.8164461529853515,2.7916666666666665,0.0,842.7202333333335,827.0221666666669,269.3190145833333,264.9537083333333,278.71316666666667,90.60906111111115,790.9001666666665,789.4130000000002,240.1915944444445,239.79345138888894,907.4475999999995,901.723,268.5826763888889,266.1965347222222,314.8,301
2019-08-14,20.986073057909604,20.041666666666668,100.0081379943503,98.60577919407892,55.63850574387947,62.416666666666664,11.686434063088512,12.416666666666666,2.3800807438794727,4.375,0.0,882.1740166666667,872.7476666666668,276.5196451388889,272.38410416666665,212.5236166666667,58.70773888888889,872.1162000000002,870.1235000000003,307.5962229166666,306.5347916666667,948.2630333333337,941.9701666666667,273.2820659722222,270.8032013888889,345.68333333333334,304
2019-08-15,19.393751965630887,18.5,100.1786934557439,98.76187746710526,68.33211464218455,77.91666666666667,13.325985451977397,14.5,3.0470096162900187,5.416666666666667,0.49799999999999045,713.5958833333335,700.8548333333334,216.48260555555555,213.63003472222218,350.58454999999987,120.25005277777778,662.8483666666668,659.108,168.90400416666662,170.6976597222222,717.7027166666669,714.2026666666667,197.5461840277778,197.07134722222222,344.1,306
2019-08-16,19.72148225047081,19.208333333333332,100.07687351694915,98.67688445723682,80.5302682556497,85.45833333333333,16.155224223163838,16.583333333333332,1.8723758040172758,3.1666666666666665,4.26400000000001,868.0333666666666,854.6954999999998,231.45714305555558,228.30030555555552,329.47926666666643,91.82929583333332,784.8252166666668,783.9036666666666,185.69906111111115,188.1096111111111,940.1850333333332,936.8785000000001,231.3051173611111,230.58489583333332,325.15,325
2019-08-17,23.229082120998125,22.0,99.91902682438793,98.57078207236843,77.06796629001883,84.625,18.322506285310734,18.875,1.5218404497094369,3.25,8.042000000000002,865.0896666666666,848.5208333333334,232.94438749999998,227.99851388888894,322.73356666666666,88.90863541666666,811.3050000000003,812.4525,215.20792222222224,216.19059027777777,925.9893833333331,920.9645000000002,228.37439652777775,226.53565277777776,351.31666666666666,316
2019-08-18,23.81850374293785,22.416666666666668,99.88201005178905,98.54522861842105,78.7139037782486,88.91666666666667,19.650838135593222,20.333333333333332,1.7899892635073706,3.7916666666666665,15.896999999999991,826.5396166666669,808.7591666666667,209.65960208333334,205.24656944444448,362.37490000000014,107.30462222222222,633.2448333333334,636.368,127.17960486111112,128.50916666666666,867.1504833333331,861.5499999999997,205.90901458333335,204.25720833333332,264.18333333333334,307
2019-08-19,23.665205885122408,22.125,100.16176054613935,98.8052072368421,70.5455755532015,81.58333333333333,17.467340772128058,18.5,2.1699667366259257,3.75,6.233932203389846,811.3629833333332,795.7263333333334,263.1220340277778,257.77441666666664,273.2338833333333,85.90003333333333,775.4775333333331,774.1929999999999,282.4817,282.57365277777785,861.8743333333333,854.8763333333336,257.6157597222222,255.29273611111114,323.53333333333336,298
2019-08-20,23.116810487288134,22.666666666666668,100.31229669256116,98.97186019736841,71.45746175847458,76.5,17.283112688323918,18.083333333333332,1.2727681659458614,3.0,0.0,898.5620166666666,885.0049999999998,259.4932777777777,254.77054166666665,442.8968333333334,114.91020069444444,722.2117666666669,721.6573333333333,225.12764861111108,227.67247222222218,923.394066666667,914.8503333333335,257.0008340277778,254.6397222222222,314.85,291
2019-08-21,23.97256407721281,23.208333333333332,99.76216124058384,98.44190378289476,78.67522914312617,86.125,19.674205543785305,20.5,2.1071749890414964,3.9583333333333335,14.436999999999983,823.5590333333334,809.7561666666666,232.95896180555556,227.95275000000004,303.92115,99.30703958333334,732.1342499999998,735.8733333333333,187.61000138888892,190.3317916666667,884.420633333333,877.7665,237.23511944444442,235.09747916666663,323.53333333333336,301
2019-08-22,20.085981285310734,18.541666666666668,100.06665899246703,98.65688610197368,60.148517631826735,67.04166666666667,11.738892761299434,12.0,1.7708257642541725,3.875,0.0,819.2508499999997,808.7063333333331,234.8142875,231.20351388888886,462.62435000000005,109.16479444444445,791.01115,793.5560000000002,197.2535881944444,197.2914166666667,935.6256333333334,938.0035000000003,236.0110736111111,235.56859722222222,295.3666666666667,302
2019-08-23,18.09733125,16.458333333333332,100.64878439265537,99.19350863486841,60.22167951977402,69.79166666666667,9.782697857815444,10.375,1.4696599576271183,3.0833333333333335,0.0,636.2866166666669,630.7673333333335,208.43283055555557,206.14177083333334,368.0527166666668,100.74487916666668,780.8884666666668,780.8678333333336,203.62149374999998,206.47359722222225,686.3769500000001,678.8748333333334,198.18002291666667,197.15068055555557,329.1166666666667,304
2019-08-24,17.053498152071565,16.217391304347824,101.15705780367234,99.70716204233406,64.50050081214688,70.26086956521739,10.002808345103576,10.478260869565217,1.8351340983992468,3.4782608695652173,0.0,875.4291999999997,868.0285000000003,291.2899465277778,288.0674166666667,126.30166666666668,48.368402083333336,888.9382833333332,889.8801666666665,391.328804861111,393.7992708333334,991.5534000000002,988.5133333333331,303.63019166666663,301.91422916666664,343.35,302
2019-08-25,18.1508222693032,17.208333333333332,101.05453616996233,99.61902919407892,74.35111744350282,78.45833333333333,13.374360181261771,13.166666666666666,2.7886975700295156,4.333333333333333,0.0,813.9773000000001,804.8108333333333,274.3941208333333,270.9980625,215.1175,60.621170138888886,857.4856000000002,858.4301666666664,351.3395520833333,357.4287222222222,937.8845,938.9126666666666,289.5267298611111,288.9820347222222,324.51666666666665,294
2019-08-26,20.43347836629002,19.208333333333332,100.53546261770248,99.15295641447368,69.69091613700566,74.20833333333333,14.295521115819211,14.083333333333334,1.9030890097950846,4.375,0.0,755.5654,742.922,250.94399583333333,246.77917361111113,359.47615,109.84440208333332,694.9071333333334,696.2288333333332,231.68346250000002,236.07023611111106,818.4693166666669,814.6063333333334,256.3741722222223,254.82825694444443,314.01666666666665,303
2019-08-27,21.16195141242937,19.869565217391305,99.70877808380418,98.33626029748284,84.4065876294727,94.52173913043478,18.364773246233522,18.91304347826087,1.9199212424508083,5.391304347826087,4.463999999999999,438.6593333333333,432.98716666666667,97.4609736111111,96.92247916666666,431.35866666666675,94.9050347222222,35.7775,37.93,4.040738888888889,4.164270833333333,375.2889500000001,372.8653333333334,80.13150972222222,80.45175,10.8,305
2019-08-28,22.323040501412432,20.75,99.64058660546141,98.28191694078946,66.91333223870056,77.95833333333333,14.97734551553672,16.083333333333332,2.681835028248587,4.416666666666667,1.200000000000017,828.6508500000001,816.8746666666667,249.89183402777778,246.5755763888889,201.08640000000005,72.41859930555556,812.5227500000001,812.7439999999998,261.44923125,264.4769791666667,947.9993,945.0843333333336,265.70142638888893,264.80060416666674,319.2,291
2019-08-29,20.24629506826742,18.08695652173913,99.89957638888887,98.51537600114416,61.14609719868174,73.78260869565217,12.061204802259889,12.956521739130435,3.266404037193974,5.043478260869565,0.0,833.8589499999999,825.8558333333335,279.76050625,276.2574722222222,139.6485833333333,49.93307500000001,896.8634166666666,900.6235000000001,373.18848819444446,375.2752500000001,958.9293500000001,957.463,300.7631465277778,299.55246527777774,323.15,290
2019-08-30,20.722013759416196,19.041666666666668,100.22796982109229,98.8152064144737,55.208843032015075,65.33333333333333,10.877767302259885,12.041666666666666,2.4059398187382297,4.791666666666667,0.0,875.2894333333335,867.5596666666668,270.6960430555555,267.49819444444444,219.11021666666664,62.8949923611111,888.5845666666668,891.8108333333333,337.62761736111116,340.8829444444445,991.9381666666666,993.5854999999998,294.11181874999994,293.2929791666667,324.3333333333333,292
2019-08-31,17.487449964689265,15.833333333333334,101.18210283662903,99.71957648026319,62.476758086158206,71.0,9.847431579566853,10.208333333333334,1.3214062966751086,2.375,0.0,652.5558166666666,646.9538333333334,215.78276458333335,213.08497222222226,352.07835000000006,90.49288888888888,832.6771666666667,832.1108333333334,225.1390743055556,227.80325694444448,732.8828499999998,727.5451666666667,226.43240972222216,225.73471527777772,318.18333333333334,290
2019-09-01,17.333437193973637,16.625,100.83839378531076,99.41126850328949,80.76762324623353,84.5,13.917259533898301,13.875,1.2815753965277212,2.3333333333333335,3.987999999999971,404.3114166666667,399.2948333333333,74.30980069444443,73.95799999999998,318.2545166666667,70.35028402777779,139.70334999999997,139.78116666666668,6.212299305555555,6.245583333333333,390.7602999999999,389.53783333333337,62.06382291666666,62.542555555555566,43.63333333333333,277
2019-09-02,19.986743820621474,18.666666666666668,100.27630444915256,98.87520148026316,75.87662733050847,85.08333333333333,15.298307120998118,15.875,1.5424989053672313,2.625,0.943000000000012,699.2160500000002,688.206,149.40846021657254,147.10082638888892,335.94498333333325,104.10423888888887,529.93485,532.18,63.93952847222223,64.09047916666667,802.8009833333332,797.6943333333336,145.21243472222224,144.6584513888889,209.2,282
2019-09-03,20.44230476694915,18.916666666666668,100.02334234934087,98.65633059210525,76.55607911958568,87.79166666666667,15.969297869585688,16.666666666666668,2.0634509712715485,4.208333333333333,0.8080000000000211,540.7349,531.4863333333334,172.54464722222224,169.5270625,439.3040666666667,133.36788472222221,417.7665666666666,417.96666666666675,75.63457638888887,77.95196527777779,547.8750166666666,544.3643333333333,164.06260625,163.2331319444444,261.6666666666667,268
2019-09-04,19.347132309322035,17.791666666666668,99.99911704331448,98.56689350328946,68.30100597928437,78.375,13.267966607815444,13.875,2.5553053436911486,5.083333333333333,0.0,518.1571333333334,511.21650000000005,150.68419027777782,148.47120138888891,438.4289499999999,120.76473541666667,452.2839833333335,452.39266666666674,84.3600125,85.17075000000001,485.28883333333334,483.5649999999999,133.22118333333336,132.88886805555555,197.06666666666666,271
2019-09-05,16.708253342749533,14.916666666666666,100.5959911840866,99.14462376644735,66.97250124764595,75.875,10.016727518832392,10.041666666666666,1.3182869118975133,1.8333333333333333,0.0,834.9982333333334,827.6203333333331,267.7592541666667,264.56770833333337,105.90988333333333,37.95728333333333,921.6578666666668,925.2461666666666,388.87377777777783,389.81536111111114,1004.9825166666668,1002.0033333333333,305.8804347222222,304.47479166666665,307.95,270
2019-09-06,16.20166267655367,15.291666666666666,100.00857117467045,98.56856003289475,79.6924363112053,86.33333333333333,12.598690795668547,12.833333333333334,1.913685023482211,2.875,0.9000000000000057,573.51745,566.9771666666669,134.36465694444445,133.2836180555556,341.60018333333335,83.41513541666667,638.4551333333335,638.0699999999999,103.07949166666668,105.74239583333332,654.5886999999998,651.0931666666669,134.74704652777777,134.8065555555556,293.51666666666665,260
2019-09-07,18.301825129472693,16.863636363636363,99.93668168549907,98.51614010167465,66.60859710451977,77.22727272727273,11.653879990583805,12.545454545454545,1.7325682975825494,3.272727272727273,0.0,624.5367000000001,615.9923333333334,173.67729375000002,171.07447916666663,365.57311666666664,101.33977708333333,500.8523999999998,500.4391666666668,111.39018541666667,111.693875,684.8720500000001,686.6704999999998,179.6066979166667,179.39044444444446,227.86666666666667,270
2019-09-08,15.703012982580034,14.25,100.59594881120523,99.10129399671052,69.33337060969868,79.75,9.918655190677963,10.541666666666666,1.7799043079096044,2.7916666666666665,0.0,589.5781666666666,581.9348333333334,156.08325347222225,154.09330555555553,338.5766166666668,101.19848888888889,462.26653333333314,464.52983333333344,95.84095347222222,96.21110416666663,663.30965,659.7445,158.14520624999997,157.20697222222222,253.35,266
2019-09-09,14.11574748116761,13.333333333333334,101.18388375706213,99.67569120065788,74.66368326271187,82.25,9.634514041902069,10.25,2.2452445921565523,3.875,0.0,766.4200000000001,757.0238333333332,195.17027222222225,192.23654166666668,439.16163333333327,85.94585694444446,848.3862833333335,846.066833333333,181.87850486111108,181.69140277777774,970.4042666666668,972.752166666667,213.41321736111112,213.3043055555556,318.73333333333335,280
2019-09-10,19.63347509416196,18.75,100.7756579096045,99.38182648026316,73.39896865583805,78.83333333333333,14.426574976459513,14.75,1.8787397908094559,4.291666666666667,3.83899999999997,658.7282333333336,648.7796666666667,175.43806597222226,172.18161805555553,433.46553333333316,118.00968402777778,627.0694499999997,628.0221666666665,97.92856805555556,98.76308333333334,792.3600833333335,789.1149999999999,181.22981249999998,180.44320138888884,288.93333333333334,278
2019-09-11,23.27201306497175,22.041666666666668,100.48943356873822,99.13351356907897,82.21035228342748,90.25,19.715136370056495,20.166666666666668,1.7910016388224987,3.75,27.209457627118667,713.3572000000003,700.2031666666668,208.14079652777778,204.0302291666666,353.3662333333333,106.13689444444445,589.6306,590.5851666666664,159.1005326388889,159.7331875,823.7200166666667,819.4983333333333,230.42118888888888,229.17004861111107,282.31666666666666,284
2019-09-12,16.28399008945386,15.041666666666666,100.92851086393597,99.43904399671054,81.30912542372883,90.375,12.918047987288139,13.333333333333334,3.914174752824859,6.583333333333333,3.4659999999999798,588.6163666666666,577.9368333333333,113.76071875000002,112.09427777777778,388.3632000000001,73.76707083333334,698.3949833333332,694.0086666666667,93.33551944444444,92.98014583333332,646.3089666666667,644.4101666666667,109.22479305555555,109.81109027777778,295.9166666666667,303
2019-09-13,17.94812856638418,17.083333333333332,100.73348973634653,99.32016488486842,80.02866078154425,87.79166666666667,14.423544609227875,15.0,2.9597436558380417,5.625,5.787000000000006,452.98996666666676,447.4848333333333,117.68787916666668,116.21821527777779,429.8306666666665,109.56174166666665,255.18715000000006,260.8059999999999,15.916953472222225,16.321666666666662,414.18958333333325,414.3818333333333,103.04140277777775,102.96191666666665,170.71666666666667,285
2019-09-14,19.41403565207156,17.916666666666668,100.58396873822977,99.1690662006579,67.69908994821094,78.29166666666667,12.907644538606405,13.75,3.2193578860640297,5.708333333333333,0.11200000000002319,823.0127500000001,813.2543333333331,244.89071863229756,241.4286875,245.07385000000008,53.976254849340876,912.45205,913.4064999999999,347.5733125,347.2677361111111,1022.4694333333333,1021.4956666666666,296.14871944444445,295.8560347222222,320.26666666666665,276
2019-09-15,16.032203460451978,15.041666666666666,100.67256188794727,99.21128495065788,84.86491342984934,93.58333333333333,13.425655084745761,13.916666666666666,1.856365147685599,2.9166666666666665,1.907999999999987,402.6676166666667,397.0038333333332,99.51363333333335,98.25711805555555,363.08333333333337,87.62804513888891,161.9655166666667,163.79333333333332,23.094516666666667,23.813118055555552,394.60963333333336,394.4263333333333,92.44604444444445,92.51994444444443,77.5,285
2019-09-16,17.27948411016949,16.375,100.57936639595103,99.11573725328948,79.39503525188323,86.70833333333333,13.620418985404902,14.041666666666666,3.1927530535377993,4.791666666666667,0.0,675.0733833333331,664.8521666666663,139.2964375,137.700125,498.75716666666654,126.32226944444443,235.79110000000006,236.41299999999998,19.57837013888889,19.02856944444444,732.8843833333332,732.9083333333333,127.47300625000001,127.47827083333333,68.15,275
2019-09-17,16.707284451506588,16.166666666666668,100.90914539783427,99.44626562499998,70.86326876177024,72.875,10.84817409369115,10.75,1.55692104519774,2.9166666666666665,0.0,774.3945500000002,765.3366666666665,239.93888333333328,236.47215277777784,81.78930000000001,32.14062777777779,907.8235500000003,908.3725,368.72511180555557,369.8607708333332,1003.5225000000003,1001.7394999999995,304.61529305555564,304.08819444444447,282.3,281
2019-09-18,16.832567090395482,16.625,101.0701629708098,99.61736266447367,77.90535011770244,77.04166666666667,12.735038771186439,12.125,1.8387818158124833,3.0833333333333335,0.0,733.5395166666669,722.1001666666664,223.9514020833333,220.0928125,153.94893333333337,48.47097847222222,830.6505333333331,829.9674999999996,312.69300625,311.7049861111111,960.4721499999998,955.1655,282.67734930555554,281.63575,288.25,276
2019-09-19,18.303302636534838,17.375,100.98127858992468,99.54792393092102,70.27456754943502,70.95833333333333,11.70949050141243,11.5,1.3112340554191688,3.375,0.0,757.6115500000002,747.4803333333332,224.85521458333326,220.8499513888889,234.71816666666663,57.06002708333333,869.1724333333336,870.7956666666668,277.28752916666673,288.3719166666667,988.2337333333331,987.4816666666663,282.66350902777776,281.9055069444444,294.03333333333336,268
2019-09-20,18.718047634180788,19.0,100.81394303201508,99.40960197368422,80.02219743408664,74.125,14.96688327448211,13.833333333333334,1.1930984241575435,2.625,0.0,750.6029833333336,736.6564999999997,221.35677777777778,216.95702083333333,296.79375,73.91774097222222,802.9341666666668,802.6671666666666,241.50596388888889,249.44488888888887,959.3126666666668,953.5610000000003,275.9629513888889,274.6200277777778,294.96666666666664,263
2019-09-21,21.779481885593224,21.333333333333332,100.70471889124296,99.33960773026318,76.02194389124294,79.20833333333333,17.17441972693032,17.25,1.19856981077027,2.9583333333333335,0.0,719.8557333333332,703.6049999999999,184.51042569444442,181.05282638888892,234.73878333333326,73.3505861111111,759.6650166666665,758.9585,191.02585347222222,190.92672222222222,951.5878166666665,945.0388333333333,232.82454375,232.10558333333333,269.73333333333335,292
2019-09-22,25.330779001883233,23.291666666666668,100.10518752354051,98.7996521381579,62.29349359698682,71.45833333333333,16.914547292843686,17.291666666666668,3.409460837960257,5.416666666666667,0.0,716.7151,700.7751666666665,195.99900555555556,191.56729861111106,281.62205000000006,60.188195138888894,820.0266333333335,819.6349999999996,218.19680069444442,218.15319444444444,958.0386333333335,950.2431666666666,248.5275222222222,246.7325,273.0833333333333,286
2019-09-23,21.96983908898305,20.5,99.48324329096046,98.13526233552635,66.30657711864407,74.45833333333333,15.272666066384181,15.708333333333334,3.359732415254238,6.208333333333333,2.440999999999974,532.6095500000001,519.6153333333334,130.06654166666667,127.61211111111112,283.5348833333333,80.48701180555553,601.1347333333334,590.0678333333333,101.89405347222224,101.26174999999999,654.4642333333334,650.0606666666666,142.76778680555555,142.50620833333332,296.15,263
2019-09-24,17.689120397834277,16.0,99.84162696563088,98.42079440789475,66.46397813088511,76.5,10.782274988229753,11.375,1.865076336221222,3.625,0.0,752.4953666666667,745.2554999999999,198.13045,195.72572222222217,240.46746666666658,64.12345763888888,810.518083333333,802.8426666666666,257.3001180555556,255.39740277777778,973.9426333333332,976.7298333333332,253.15094236111108,253.4040555555556,276.3666666666667,258
2019-09-25,20.306461134651602,18.791666666666668,99.44274739877592,98.07304523026313,67.75064079566856,76.66666666666667,13.43988679378531,14.0,3.2876994114726266,5.416666666666667,0.0,594.5802333333332,584.6794999999998,174.64074097222218,171.7551666666666,371.93803333333346,89.38553472222223,666.2358999999998,659.6445,159.4212402777778,158.96081944444444,771.6894166666663,769.0465000000002,218.8925527777777,218.10747916666665,248.6,263
2019-09-26,17.325674340866286,15.708333333333334,99.58426233521658,98.14692804276318,66.2484688794727,75.25,10.377336075800377,10.833333333333334,2.2677475400188323,4.083333333333333,3.2520000000000095,689.5469166666667,679.6355000000002,174.01537916666666,171.54887499999998,229.5569333333333,62.17992847222222,740.783133333333,739.7746666666663,184.96681041666662,184.2398680555555,934.3120166666669,933.9720000000001,219.6229833333333,220.11865972222222,272.46666666666664,262
2019-09-27,17.621860310734466,15.625,100.04445413135595,98.61966694078946,59.472115466101705,70.79166666666667,8.941171268832393,9.791666666666666,1.7409137827022885,3.5,0.0,664.4756500000001,655.4076666666666,170.92645624999997,168.26359027777778,382.9057833333333,81.01013611111112,794.1582166666665,789.4331666666669,142.9782444444444,142.66521527777778,920.0314166666667,918.1588333333331,211.9945347222222,211.51786111111107,245.06666666666666,279
2019-09-28,19.19583504001884,17.583333333333332,100.3075761770245,98.8707574013158,81.52357649482109,90.41666666666667,15.90181787900188,15.958333333333334,1.854671315913371,3.8333333333333335,5.8300000000000125,267.5097999999999,264.1148333333333,55.00676805555555,54.561256944444445,260.31626666666665,49.39737152777777,371.6819333333333,370.2196666666667,21.97085972222222,21.18734027777778,236.47678333333326,238.70749999999998,48.90373541666665,49.418513888888874,163.66666666666666,287
2019-09-29,13.478972610640303,12.375,101.38071558380415,99.85567639802629,73.85078016713747,81.875,8.817962782485871,9.208333333333334,4.075166960922788,7.041666666666667,0.6809999999999832,500.95509999999973,491.2371666666668,113.44405625,111.69762500000002,385.8473833333333,98.16943541666666,161.66091666666665,163.21999999999997,22.94435625,23.10631944444445,551.6188999999999,550.1511666666668,110.72637986111111,110.27336805555557,45.1,277
2019-09-30,15.032118714689267,13.875,100.75205294256118,99.27961266447367,80.41199709274953,86.20833333333333,11.653581638418077,11.541666666666666,3.146945863599677,5.666666666666667,1.4461355932203603,374.2570499999999,369.80966666666666,79.44477777777776,78.59557638888889,369.66213333333314,79.103425,26.123416666666667,6.101833333333333,1.3536798611111112,0.49958333333333343,333.43745,332.3118333333333,66.12752708333333,65.97498611111112,0.0,273
2019-10-01,22.102619444444446,20.625,99.9434082156309,98.59411348684212,82.04463489877591,86.125,18.46082809557439,17.875,2.6784624046204306,4.375,18.74600000000001,669.9958,653.7678333333334,130.80720516713748,128.46565972222223,252.64846666666674,48.32650827448211,736.4753000000001,736.8226666666669,150.89076388888893,151.5740833333334,919.6526333333334,910.7760000000001,176.39015402542375,175.80099305555555,254.68333333333334,268
2019-10-02,15.840904696327685,15.304347826086957,100.06737415254237,98.5930507723112,92.58123121468925,96.08695652173913,14.610506862052729,14.652173913043478,2.9581104284369104,5.130434782608695,11.44599999999997,100.15505000000002,105.2293333333333,23.364142361111117,25.368201388888888,100.82383333333334,23.851659722222223,0.0,0.0,0.0,0.0,79.39753333333331,82.96633333333332,18.519172916666665,19.69354166666667,0.0,280
2019-10-03,12.144172520942922,11.041666666666666,100.2007365380869,98.69743832236843,86.40263022152412,92.25,9.89806281779661,9.75,4.009120986346516,5.458333333333333,2.5540000000000305,199.27315000000002,197.27333333333337,45.681002777777785,45.62153472222223,199.4104666666667,45.63429233757063,0.0,0.0,0.0,0.0,140.05898333333334,140.0685,32.82551319444445,33.20767361111111,0.0,252
2019-10-04,10.019341137005652,8.75,101.21844982344629,99.61791817434208,73.60033704096044,80.91666666666667,5.4029637594161946,5.541666666666667,2.057886322975518,4.0,0.21184745762709783,286.5154666666668,283.7711666666667,96.33625416666666,95.79057638888888,265.3980333333333,80.51906597222222,554.8533499999999,551.0153333333334,56.32266388888888,55.943638888888906,332.6946500000002,335.57816666666673,93.78312430555557,94.64578472222222,166.4,259
2019-10-05,9.541755598983704,8.608695652173912,101.13382014781804,99.5663040617849,75.66099537957011,81.6086956521739,5.30364297154036,5.478260869565218,3.0587998410133355,5.478260869565218,0.410000000000025,675.9733166666665,671.6651666666666,190.2463333333333,188.80852083333335,179.93211666666664,47.71001388888889,883.4647833333332,884.0608333333333,272.82835138888885,273.55602777777773,952.2359833333335,961.2713333333332,274.36660416666666,276.4713888888889,283.85,282
2019-10-06,16.405257156308853,15.208333333333334,100.24884909369113,98.80854029605264,76.85099526836157,84.16666666666667,12.22232006826742,12.458333333333334,2.367949111143581,5.0,4.517999999999972,413.10374999999993,406.9585000000001,97.20019487994348,95.80376388888891,344.3198833333334,74.58768163841808,490.9078499999998,494.01133333333314,50.73466666666665,51.439180555555545,464.43981666666656,466.5586666666667,106.02562588276834,106.68424305555556,210.5,294
2019-10-07,14.521130437853103,13.083333333333334,100.58807675376653,99.09962746710526,64.34785200094163,76.08333333333333,7.620035440207155,8.708333333333334,1.914633745291902,2.9166666666666665,0.0,350.67718333333346,342.58116666666666,102.81869375000002,100.81267361111107,327.78493333333336,97.11672291666666,176.63265000000004,169.01700000000002,18.076670833333335,17.884874999999997,327.7940999999999,322.9028333333334,94.4436215277778,93.75375694444445,13.433333333333334,285
2019-10-08,11.607207615348399,11.208333333333334,101.19779596280603,99.65958141447372,79.73788027306966,80.95833333333333,8.096260687382296,7.916666666666667,1.8988208275417457,3.5833333333333335,0.10199999999997544,670.4448499999997,664.6961666666667,185.93405277777777,184.31382638888888,152.5775333333333,36.81588611111111,875.965066666667,879.7563333333334,303.66019166666666,307.0513541666666,1007.54625,1013.222666666667,285.66474305555556,287.4967638888889,311.35,292
2019-10-09,11.64484643361582,10.666666666666666,101.23832361111111,99.69624506578947,78.60940881591335,77.125,7.8550343455743885,6.666666666666667,2.8648206834948433,5.125,0.0,680.7289333333332,677.3038333333332,193.6979152777778,191.49322222222224,86.37306666666665,30.931684722222215,910.8072666666665,917.2348333333337,308.1815479166666,336.93374305555557,1030.578166666667,1040.9789999999998,301.7974736111111,305.17298611111113,315.76666666666665,311
2019-10-10,12.526367973163838,10.833333333333334,101.14092661252353,99.60458593749998,76.51503931261769,82.29166666666667,8.375989147834275,7.708333333333333,2.590747011538451,5.083333333333333,0.10000000000002274,672.2084,667.6674999999999,191.62024930555557,189.83930555555557,99.13223333333335,31.52639375,903.0168000000002,910.5603333333336,316.1004416666667,331.03563888888897,1024.6060833333333,1034.0073333333337,300.90756597222224,303.5091944444445,310.25,362
2019-10-11,13.46886042843691,12.75,100.6003720809793,99.10907113486844,78.2205285663842,81.54166666666667,9.614378837099812,9.375,2.3346085670343935,4.666666666666667,0.0,661.23125,654.8518333333333,179.89050138888888,177.97435416666667,109.53866666666663,35.79003680555556,901.9541166666667,907.0131666666672,268.50239513888886,275.47140972222223,1018.5874166666666,1023.5135000000004,279.71758263888887,280.19838194444446,292.6666666666667,313
2019-10-12,10.591527202253396,9.416666666666666,100.07469791301385,98.54022902960526,72.77780946449444,79.25,5.545431275975713,5.708333333333333,2.644741651585373,5.166666666666667,2.950999999999965,677.5959999999999,673.3979999999999,142.19292152777777,141.2660833333333,243.67790000000005,53.657552777777774,910.5681666666662,920.8378333333333,163.7763208333333,165.25831944444445,1047.4160833333335,1062.0163333333333,200.91029236111112,203.85538194444442,299.15,311
2019-10-13,10.728860404896423,9.708333333333334,99.87604795197738,98.36024383223683,64.60288453389829,70.5,3.5239131238229753,4.0,2.0410192268978506,5.375,0.20600000000001728,657.6778833333329,653.4930000000002,184.83722569444444,183.61853472222222,87.72796666666666,30.60241597222222,904.6839666666664,913.8473333333334,322.70227013888893,324.4451319444444,1031.8954999999999,1043.6793333333337,299.31221111111114,302.4727569444445,317.9166666666667,279
2019-10-14,9.330063354357426,7.708333333333333,100.16169712075458,98.59022491776317,57.763514589827246,66.16666666666667,1.1620813068218712,1.4583333333333333,2.3132623469868174,3.8333333333333335,0.20300000000003138,492.34338333333324,489.9441666666668,119.82181388888893,119.23793055555558,328.6759999999999,75.37182152777777,478.4299833333334,480.7146666666668,93.35969791666666,94.20438888888889,661.3843999999998,670.0738333333334,154.01466736111112,155.90388194444446,201.93333333333334,292
2019-10-15,10.338189948210921,9.05,100.27591818502826,98.68455049342106,67.394085193032,74.4,4.251504566854991,4.45,1.8920343338041432,3.5,0.0,516.2058166666667,512.9465,143.75555833333337,142.3540625,269.6726333333333,70.61105902777778,584.8088333333333,589.9581666666666,149.2832673611111,150.90127083333334,785.3472333333333,792.2046666666668,209.61590347222224,211.08514583333337,268.6666666666667,288
2019-10-16,10.316403747402429,9.625,98.72420005844538,97.24478001644736,83.26927985948764,87.0,7.5712595545977015,7.5,2.2870002816451436,4.708333333333333,23.615999999999985,221.49946666666665,222.3270000000001,35.133461805555555,36.30536111111112,155.37666666666664,32.15369583333333,156.76898333333335,157.08783333333338,6.576103472222223,6.587645833333336,265.9173833333333,268.7846666666667,32.28751388888889,33.08802083333334,70.41666666666667,267
2019-10-17,8.390337514611337,6.708333333333333,99.17000231670886,97.58530756578949,73.6804021360965,80.75,3.9386608951879984,3.5833333333333335,2.7843706778849278,6.958333333333333,0.20400000000000773,305.64198333333326,304.4758333333333,50.52137638888889,50.530437500000005,301.6050333333333,50.34157083333334,6.547233333333334,6.698333333333334,0.3070090277777778,0.32018055555555563,259.5963666666666,260.83133333333336,39.35402430555555,39.64879166666667,0.0,248
2019-10-18,7.710286758474575,5.875,100.25796142890772,98.66077467105265,69.47667162193973,78.0,2.0140147951977405,1.875,1.6529271905045098,3.0833333333333335,0.10000000000002274,637.6332500000001,632.0825,167.15436666666668,165.7224097222222,212.33506666666668,36.57111527777777,929.9941166666667,931.2661666666664,291.5121854166667,290.5784444444445,1038.35625,1047.588333333333,277.3196659722222,280.1071597222222,316.35,273
2019-10-19,7.385994632768362,6.166666666666667,100.24968551082863,98.67077384868422,81.94079705743879,86.20833333333333,4.376561570150659,3.8333333333333335,2.1440974929378527,3.0833333333333335,0.0,611.4344999999998,606.9425,163.85002291666666,162.42852083333335,134.82161666666667,35.33613888888889,871.7833000000002,872.1283333333334,272.4546423611112,271.21675694444446,1028.2447166666668,1036.4051666666667,278.67126944444436,280.60447222222217,308.5,293
2019-10-20,10.400902000941619,10.869565217391305,99.93754806967985,98.41741304347825,87.26719426789077,86.69565217391305,8.282042914312617,8.304347826086957,1.245748714861102,2.5652173913043477,0.0,600.8251000000001,592.1326666666665,155.0504923611111,152.2847847222222,189.6337,49.16727430555556,812.3932166666667,808.8171666666666,218.5130222222222,219.63334027777773,964.7406999999997,966.4099999999999,246.81521111111104,247.7111736111111,301.03333333333336,336
2019-10-21,10.91735027800197,12.125,100.23242003407765,98.56911554276319,91.28370103578155,90.91666666666667,9.509491973814006,10.541666666666666,3.1889625546362463,5.25,0.12884210526312687,488.76891666666666,483.17533333333336,138.45628465608468,136.17881481481479,286.32564999999994,94.7720439153439,537.7357000000002,544.4631666666668,82.83806666666666,88.15360185185185,771.3991999999998,779.3658333333333,179.73930806878306,180.1434920634921,267.7,335
2019-10-22,,13.541666666666666,,97.81251110197367,,79.16666666666667,,9.666666666666666,,6.375,,,,,,,,,,,,,,,,,277
2019-10-23,,9.166666666666666,,98.35802179276315,,64.5,,2.375,,6.458333333333333,,,,,,,,,,,,,,,,,316
2019-10-24,,10.583333333333334,,99.20961842105264,,66.16666666666667,,4.333333333333333,,5.708333333333333,,,,,,,,,,,,,,,,,289
2019-10-25,,7.666666666666667,,99.54014679276315,,81.04166666666667,,4.5,,2.0416666666666665,,,,,,,,,,,,,,,,,265
2019-10-26,,6.208333333333333,,99.11184868421053,,83.95833333333333,,3.5416666666666665,,4.166666666666667,,,,,,,,,,,,,,,,,282
2019-10-27,,11.333333333333334,,97.85139679276314,,91.5,,9.916666666666666,,6.875,,,,,,,,,,,,,,,,,306
2019-10-28,13.739366883116878,9.708333333333334,100.51772878787881,98.95575041118423,63.26284264069265,80.125,6.43370541125541,6.041666666666667,1.494254676071055,2.7916666666666665,0.0,557.8444833333334,548.5324999999998,206.5746833333334,202.9775768398269,74.89395,31.040899783549783,871.8832166666667,873.2238333333333,389.95598863636366,389.2153387445888,991.6589166666666,998.1943333333332,378.83286731601726,381.44241233766223,282.3333333333333,355
2019-10-29,11.562279096045197,10.875,100.54802049199623,99.01741200657897,82.79675092984932,85.75,8.506448446327683,8.416666666666666,1.7641651596118477,3.625,0.0,392.09815000000003,386.36766666666665,77.48483263888889,76.29813888888889,267.30159999999995,59.43504722222224,377.9613166666666,373.1260000000002,47.57458263888889,48.253798611111115,532.9140333333334,536.1310000000001,97.41825972222223,97.83327777777778,155.8,380
2019-10-30,8.697283757062147,7.916666666666667,100.74641899717516,99.17295476973686,85.19863979519774,90.29166666666667,6.269280484934087,6.375,2.5650606317780373,5.583333333333333,0.0,135.68941666666663,135.2878333333333,23.750783333333327,24.026812500000002,135.4832166666667,23.57425763888888,0.7446833333333334,0.4139999999999999,0.03687569444444445,0.023020833333333327,114.52083333333331,115.15483333333334,18.63251111111111,19.16166666666667,0.0,342
2019-10-31,8.090252147828455,7.375,98.80229046610935,97.28255468750002,94.00584099042514,97.5,7.161175220724636,7.0,3.50704183595296,6.416666666666667,0.0,36.96771666666666,42.238166666666665,9.0745625,10.822763888888888,37.72746666666667,9.319453472222223,0.0,0.0,0.0,0.0,29.663800000000002,31.881166666666665,7.537202083333333,8.223381944444442,0.0,279
2019-11-01,3.13164322770775,1.8695652173913044,100.41778806605977,98.72521381578949,74.13511690009337,79.1304347826087,-1.11715183531746,-1.4782608695652173,3.7273385353364517,6.782608695652174,0.0,190.62798333333342,191.4460000000001,35.815414583333336,36.36777777777778,189.53673333333333,35.465796527777776,74.46398333333333,75.39400000000002,3.1991243055555554,3.2520486111111118,161.54784999999998,163.45083333333326,30.39190694444444,31.079930555555553,0.0,286
2019-11-02,4.470923740583804,3.3333333333333335,100.38045036487757,98.76409950657894,79.43396159369114,86.25,1.1977693855932205,1.2083333333333333,1.7927689423948292,3.75,0.0,235.21063333333325,235.61133333333336,45.65449743408663,45.728423611111104,192.1246999999999,42.74368611111111,83.69918333333334,105.78333333333332,7.381409722222224,8.309444444444443,301.7568166666666,305.33400000000006,45.286870197740114,46.162791666666685,35.516666666666666,244
2019-11-03,3.5385802024482107,1.9583333333333333,100.5486383945386,98.88575616776318,67.73389964689265,76.79166666666667,-2.1004396539548016,-1.9166666666666667,3.0120949656981435,4.75,0.0,427.3116666666665,425.47983333333326,76.66451388888889,76.81849305555555,230.39316666666667,55.71903888888889,377.81879999999995,380.6621666666666,43.68997499999998,44.0015,643.4658333333333,656.2301666666665,97.83427152777779,99.67872916666666,151.08333333333334,275
2019-11-04,8.632192580551768,7.791666666666667,100.29836937093677,98.74798972039476,67.40243300962904,69.25,2.577556531538845,2.25,2.834210457844726,6.833333333333333,0.8700000000000001,292.2519666666667,288.0441666666666,65.55094498587572,64.99013888888888,267.53815,60.762834722222216,67.09611666666667,68.01816666666666,10.624427777777777,10.829374999999999,309.65361666666666,308.23766666666677,68.59977847222223,69.02968055555557,5.483333333333333,279
2019-11-05,7.197938147363466,5.708333333333333,100.55870481403014,98.94630674342103,59.55276457156311,66.25,-0.3259375941619582,-0.375,2.8980442090395484,5.416666666666667,0.3542203389830508,476.60695000000027,475.2433333333334,86.77191944444449,86.63027083333331,209.5981833333334,48.59854444444446,624.5920000000001,629.3881666666663,76.90999861111112,77.54963194444443,806.3421833333334,821.0533333333333,125.2462611111111,127.15757638888887,255.76666666666668,262
2019-11-06,2.5061472693032014,1.0,101.22739598634651,99.54736842105262,67.3520473987759,76.875,-3.19253322740113,-2.875,2.5122109227871934,3.9166666666666665,0.8200000000000001,471.1727999999999,474.44183333333336,93.26239930555555,94.01063888888888,292.60293333333334,49.85017916666667,817.9129833333336,818.5778333333332,116.44542152777778,116.70226388888891,909.9480499999997,931.3576666666668,155.05248263888885,157.8342986111111,334.5833333333333,271
2019-11-07,2.0400783074387943,0.4583333333333333,100.88143925376652,99.1873980263158,73.3465507415254,82.45833333333333,-2.3466844868173253,-2.3333333333333335,1.461318491054614,3.2916666666666665,3.109,257.77071666666666,255.5335,56.6450068502825,56.453409722222226,225.5412833333333,51.7861826388889,151.66753333333335,152.44283333333334,14.055210416666668,13.96201388888889,294.09368333333333,297.1136666666668,57.571928472222226,58.26247916666667,79.86666666666666,264
2019-11-08,-1.1670563441619588,-2.9583333333333335,101.22390496704332,99.4701525493421,63.943897351694915,72.0,-7.366975388418077,-7.666666666666667,1.3098209510357812,2.5,0.0,449.66581666666673,451.4658333333333,110.84957986111112,111.43256250000002,172.8554833333333,36.66341736111111,792.5031166666669,793.6519999999997,197.11707986111114,197.6738819444444,852.9028833333333,876.8361666666665,214.97646597222217,220.72525000000005,351.15,245
2019-11-09,1.3417201388888886,-0.4166666666666667,100.45816315913372,98.7885419407895,63.25952172787194,72.45833333333333,-4.945575447269303,-4.916666666666667,2.7516897481167617,4.916666666666667,0.0,118.91299999999998,119.06299999999997,25.525818749999996,25.688951388888885,118.63270000000006,25.42736180555556,0.19013333333333335,0.23766666666666666,0.007922222222222223,0.009902777777777778,92.70326666666665,93.49633333333333,19.67158819444444,19.979881944444447,0.0,238
2019-11-10,4.6480301200564975,3.5652173913043477,100.02883812382298,98.3878502574371,73.51844286723164,78.1304347826087,0.2165140419020716,-0.043478260869565216,2.3708884651600752,4.521739130434782,1.7510000000000003,293.82441666666665,291.89666666666665,48.585567361111124,48.576812499999996,229.7095333333333,43.77704166666666,205.62793333333332,210.99416666666667,14.186885416666664,14.545520833333333,368.7911833333334,372.7716666666666,53.18980694444445,53.80656944444443,109.58333333333333,269
2019-11-11,-2.4176482344632775,-3.0,100.60643907721278,98.83798231907896,83.7988299905838,90.5,-4.83250856873823,-4.375,3.5037552966101697,7.166666666666667,23.74779661016949,86.01088333333333,86.89416666666668,21.581818749999996,21.884097222222227,86.04001666666667,21.592393750000003,0.0,0.0,0.0,0.0,68.28960000000001,69.48283333333333,16.97636527777778,17.337138888888884,0.0,303
2019-11-12,-5.578625859227873,-7.916666666666667,100.80573810028245,98.96352754934212,66.40864864642184,72.20833333333333,-11.225384898775895,-12.583333333333334,2.0968800376647834,4.083333333333333,3.285813559322034,526.5898666666667,528.1686666666664,124.9947643596987,125.3686111111111,135.23423333333332,33.52735694444444,898.2073499999998,898.1289999999998,231.8380361111111,231.61796527777776,1039.2878333333333,1069.282333333333,249.78317075094154,258.1429930555555,401.65,282
2019-11-13,-5.53538156779661,-7.523809523809524,101.26756895009414,99.42674342105263,75.5897423611111,81.23809523809524,-9.321630543785309,-10.380952380952381,1.4683466742970326,2.125,1.0840000000000032,467.4048833333333,465.00200000000007,94.88939105461395,94.68861805555558,320.2803666666667,62.53884221986817,585.9253333333331,586.4318333333333,84.7337326388889,85.73088194444445,834.6535333333334,851.833,145.07203747645954,147.93129166666668,341.51666666666665,308
2019-11-14,-0.4450922787193974,-1.7916666666666667,100.74815063559322,99.02685567434212,75.16976244114879,80.45833333333333,-4.3712979519774,-4.791666666666667,2.7804056379472697,5.041666666666667,3.0019999999999953,240.74681666666672,241.1795000000001,53.875185087099815,54.031243055555564,239.97848333333337,53.79889097222221,1.6134166666666665,2.063,0.08841111111111111,0.1205763888888889,234.01851666666667,237.14916666666664,46.491090972222224,47.029145833333324,0.0,270
2019-11-15,0.6903286487758944,-1.0416666666666667,101.02958886534839,99.3012775493421,69.59047495291902,77.25,-4.284923352165725,-4.583333333333333,3.9520170080037667,6.708333333333333,0.0,257.53108333333336,257.9485,45.198642361111105,45.4204375,247.8560333333334,44.167411111111115,95.27853333333331,84.77833333333334,5.309465972222221,4.943840277777778,280.53751666666665,284.8655,43.75735972222222,44.652770833333335,5.783333333333333,264
2019-11-16,-3.3610077095103588,-4.869565217391305,101.8804601812618,100.06539344965675,64.52717130414312,69.34782608695652,-9.188165807438795,-9.73913043478261,3.902863217984933,7.608695652173913,0.5140000000000029,328.87434999999994,328.2335000000001,47.62769513888889,47.761770833333344,217.35516666666678,40.99510555555556,254.00353333333337,253.8571666666667,17.872827777777776,17.910659722222224,472.0206333333335,480.9818333333332,53.77449861111112,54.80109722222222,115.78333333333333,294
2019-11-17,-0.6529504354990583,-2.9583333333333335,100.76581122881358,99.03796587171053,64.40675621468928,72.45833333333333,-6.644593561676082,-7.375,2.144620004460303,4.208333333333333,0.0,476.55305000000016,477.29733333333337,114.8584451388889,115.07031249999999,110.5094,28.961040972222225,833.6673333333334,830.7948333333335,232.55756736111115,231.87639583333336,952.0555666666664,972.3441666666665,243.4816020833333,248.70374999999999,334.3833333333333,256
2019-11-18,2.015215595574388,0.9583333333333334,99.62942982580039,97.97027590460526,87.50930078860641,94.20833333333333,0.14833841807909595,0.125,1.4677987108022001,3.4166666666666665,4.0560000000000045,89.96663333333335,90.61633333333333,18.33619199623352,18.34,90.15131666666666,18.234586805555555,0.0,0.0,0.0,0.0,66.41526666666667,68.05050000000001,13.879308333333336,14.160402777777778,0.0,263
2019-11-19,3.34734372645951,1.8333333333333333,99.67210220103578,98.01638322368422,87.92444645715632,94.95833333333333,1.521696927966102,1.0833333333333333,1.5269576859698681,2.1666666666666665,0.0,221.01085000000006,220.99450000000004,32.288132532956695,32.26616666666667,220.86311666666663,32.25429583333334,0.6620000000000001,0.6441666666666667,0.02799722222222223,0.02684027777777778,206.12639999999996,207.85416666666666,26.872376741996238,26.971138888888888,0.0,265
2019-11-20,5.079778766478343,3.0,100.6066510240113,98.9468622532895,77.91139565677969,86.91666666666667,1.383638029661017,0.7916666666666666,1.5086835160818712,2.1666666666666665,0.0,385.88606666666675,382.76500000000016,60.5992940089454,60.32336805555556,261.77594999999997,44.80404097222222,490.3590833333332,490.1173333333333,38.65347708333333,38.50602083333333,685.2265833333332,697.1118333333335,87.18642916666668,88.6133888888889,289.6166666666667,279
2019-11-21,5.877518596986818,4.208333333333333,100.13785717984932,98.5591163651316,81.23161466572503,89.375,2.8474819326742,2.5416666666666665,2.4745611671212413,5.083333333333333,4.201999999999998,149.7625166666667,148.41683333333327,28.388609722222217,28.340770833333334,149.49915000000001,28.263841666666664,0.1766666666666667,0.2755,0.014045138888888892,0.020180555555555556,119.10715000000003,118.9438333333333,22.22105000000001,22.42209722222222,0.0,310
2019-11-22,3.9816433145009413,2.4166666666666665,99.91921025188326,98.26580715460528,65.28306578389831,74.95833333333333,-2.0438636064030127,-1.75,3.636061605461393,7.375,0.15099999999998914,372.4636333333334,374.04533333333353,56.09442777777778,56.50674305555555,195.19375000000002,42.39164375,424.3346666666666,423.59050000000013,43.938504861111106,44.05142361111112,623.8167166666666,637.3135,80.20397847222222,81.84271527777777,162.83333333333334,286
2019-11-23,1.6547401718455739,-0.4166666666666667,99.70031172316385,98.0536023848684,71.78866056967983,81.375,-2.9563996468926548,-3.3333333333333335,1.9712609348839658,3.375,0.0,402.6238833333333,399.62700000000007,86.17373263888886,86.23163888888888,269.0782166666667,46.620311805555566,743.84965,747.4248333333333,117.02263472222224,117.46111111111112,845.3025833333336,863.5823333333333,156.68234305555555,159.57456944444445,308.75,292
2019-11-24,3.320333439265537,1.375,98.77843713512242,97.15923149671052,76.46860703860638,85.875,-0.5348595574387947,-0.875,3.0617422904896423,4.25,0.0,394.0220333333334,391.42116666666675,83.97462500000002,83.4834513888889,235.55111666666664,42.306575,696.1136666666666,693.8786666666667,120.78598541666668,119.96372222222222,802.4317500000002,816.9879999999999,156.62170833333337,159.65614583333334,342.65,285
2019-11-25,6.306344397363465,4.375,99.20451087570622,97.61197203947368,80.76903059086627,90.58333333333333,3.2142556379472698,2.9583333333333335,2.3775692561205277,4.125,0.30100000000000904,224.58903333333333,223.7725,36.99288055555555,36.91470138888889,217.08075000000002,35.80019652777778,48.07051666666666,49.674499999999995,2.8383027777777783,2.9350416666666663,229.37776666666667,230.85416666666677,35.82047708333334,36.17938888888889,0.0,310
2019-11-26,8.793391890301317,7.166666666666667,99.7711119467985,98.19636842105263,71.49740290725047,81.41666666666667,3.6901898422787194,4.0,2.4675070081661143,4.208333333333333,0.0,426.48523333333344,424.9973333333333,91.89951180555556,91.24215277777778,132.2573833333333,30.40223888888889,789.9809666666667,792.1208333333333,165.27174027777778,165.99652777777777,915.8554166666669,930.8736666666666,195.06674027777777,198.03256249999995,298.93333333333334,359
2019-11-27,6.763208953909345,6.130434782608695,98.92654993627836,97.33982050915331,80.68790676992013,86.04347826086956,3.524079855834794,3.8260869565217392,5.25898252118644,7.913043478260869,9.445,151.37006666666667,149.5551666666667,18.494891666666668,18.625041666666668,118.87694999999995,16.320971527777775,107.22036666666666,110.655,5.847008333333332,6.330055555555554,209.96053333333336,213.78950000000003,19.907284722222226,20.602215277777777,64.56666666666666,348
2019-11-28,2.922845138888889,1.7083333333333333,100.86026338276838,99.13962417763156,70.02675841572506,76.08333333333333,-2.0384834157250475,-2.125,2.737779661016948,5.958333333333333,0.0,212.7567166666667,212.55716666666657,44.4127125,44.47425694444444,189.33093333333326,35.3471611111111,435.3633333333333,436.20333333333326,37.687843055555554,37.7636111111111,334.70993333333325,346.3431666666667,60.829101388888894,62.1605763888889,109.0,338
2019-11-29,-0.9833637241054612,-2.2916666666666665,101.43146596045197,99.69013445723685,72.04875245998117,80.08333333333333,-5.398875988700564,-5.291666666666667,1.6854776836158194,2.1666666666666665,0.0,190.81783333333343,191.25516666666664,42.27521947975518,42.43486111111111,190.7063833333333,42.26162083333333,0.8835,0.9466666666666665,0.04347986111111111,0.04447222222222222,183.98068333333327,185.90200000000002,36.265606226459504,36.56460416666667,0.0,365
2019-11-30,-0.8679085098870055,-1.875,100.5867726106403,98.8707574013158,74.57677445856874,79.45833333333333,-4.8353098163841794,-5.0,4.411925600282486,6.5,0.0,119.91283333333332,120.63100000000001,26.70029513888889,26.90020138888889,119.96566666666666,26.67700347222222,0.5128999999999999,0.5958333333333333,0.02137083333333333,0.025687500000000002,84.81031666666668,85.60266666666666,19.471085087099812,19.63777777777778,0.0,400
2019-12-01,0.08555240525785972,-1.375,98.9404944623389,97.24922409539472,81.9355685573155,85.875,-2.8198512436712586,-3.6666666666666665,6.205719181722856,9.5,16.814999999999998,39.55656666666665,41.59983333333332,6.527379861111111,7.054930555555555,39.832466666666654,6.512610416666667,0.0,0.0,0.0,0.0,29.949849999999994,31.802666666666664,4.934253472222221,5.289000000000001,0.0,375
2019-12-02,-1.3934447740112994,-2.625,99.46647716572504,97.70085361842105,84.57197122175141,93.0,-3.684547010357815,-3.625,2.3115217278719395,5.5,9.431000000000001,156.3992666666667,156.82233333333335,28.21427569444445,28.42877083333333,152.99303333333336,27.320459027777773,0.0,0.0,0.0,0.0,127.95241666666669,129.49183333333332,22.596977777777777,23.000576388888888,0.0,339
2019-12-03,-2.199505637947269,-4.416666666666667,99.33404072504709,97.63808100328947,83.92982080979284,93.5,-4.5586853931261775,-5.333333333333333,2.483988194444444,3.7083333333333335,0.7469999999999981,434.5230333333333,431.25533333333334,62.77923541666669,62.60331250000001,428.37841666666657,61.82849166666667,184.47498333333334,29.384333333333334,24.01651388888889,4.690284722222222,793.99775,811.0453333333334,113.74068611111113,116.25752777777778,0.0,315
2019-12-04,2.0236943620527303,0.5833333333333334,98.41656833804144,96.7870398848684,82.11522627118644,90.25,-0.7211812970809791,-0.875,3.3565047904896423,5.125,0.20700000000000074,283.9298500000001,283.0096666666667,43.87842916666667,43.71745833333333,280.6703166666667,43.3150173611111,33.64751666666667,11.036166666666666,3.291572916666667,1.2719375000000002,378.1300499999999,384.44583333333344,56.50278680555554,57.380215277777786,0.0,332
2019-12-05,0.9340997175141245,-0.75,99.8520465630885,98.14137294407897,68.53217198681732,77.75,-4.232296151129944,-4.208333333333333,2.848971621939737,4.666666666666667,0.20700000000000074,149.93134999999998,150.60533333333333,27.548854861111106,27.765944444444447,149.3371,27.47248888888888,1.2892000000000001,0.9716666666666668,0.10975555555555556,0.07121527777777778,142.5354666666667,144.49483333333333,24.16496805555556,24.547979166666668,0.0,309
2019-12-06,0.4380295315442561,-0.9166666666666666,100.39670876883241,98.67466241776314,74.67254025423728,83.33333333333333,-3.660153472222222,-3.4583333333333335,1.7517161016949154,3.25,3.5729999999999986,221.87711666666664,220.83666666666673,31.108110416666666,31.122083333333336,206.55573333333334,29.86265694444445,170.8729,31.062166666666652,11.64045625,1.9691736111111104,487.05858333333305,502.04883333333333,45.371477083333325,46.95131250000001,0.0,332
2019-12-07,-1.8353966572504705,-3.75,101.50008516949151,99.72790912828948,70.14460756826743,76.79166666666667,-6.62307454096045,-7.333333333333333,1.2803380434316234,2.0833333333333335,0.2206779661016972,345.4607,346.07300000000004,65.65282291666666,65.53827083333333,339.2417500000001,64.1134590277778,97.8765833333333,19.96283333333333,13.511436805555554,3.2981874999999996,579.2465166666667,591.8558333333331,97.33843194444444,99.5526875,0.0,333
2019-12-08,3.6518815677966097,2.25,100.52597891949148,98.9024214638158,70.77204003060265,76.70833333333333,-1.3116589924670425,-1.5,2.7630450155042534,6.166666666666667,0.0,314.90651666666656,311.9063333333333,66.21453333333334,65.60091666666669,306.66125,64.90534305555556,69.41525000000003,18.540333333333333,11.531995138888893,3.1448611111111107,520.8246499999999,527.4913333333335,97.22100069444444,98.20668055555554,0.0,366
2019-12-09,9.35725555880252,7.791666666666667,99.03881024051888,97.53975575657894,81.3860676862134,87.875,6.274012581985843,5.833333333333333,3.2356040611403336,6.208333333333333,6.6080000000000005,74.05646666666668,75.2785,13.938032638888886,14.437402777777782,74.24853333333331,14.039058333333331,0.0,0.0,0.0,0.0,55.222266666666684,57.23350000000001,10.33820625,11.020576388888891,0.0,356
2019-12-10,2.0353313197807377,0.75,99.75204902979556,98.03749259868424,69.08678790943638,77.5,-3.061794098903686,-2.8333333333333335,3.3789558741928976,6.25,1.4979999999999976,168.93406666666664,168.79950000000002,26.969159027777778,27.12459027777778,169.10966666666667,26.915777083333328,4.804016666666667,2.1188333333333333,0.33224930555555554,0.10590972222222222,153.2212833333333,153.93000000000004,23.550239583333333,23.829798611111112,0.0,328
2019-12-11,-4.869463194444445,-6.333333333333333,101.16727028013183,99.34294078947369,61.5888430908663,69.25,-11.21888356873823,-11.166666666666666,4.244947540018832,6.958333333333333,0.7120000000000033,281.22351666666674,283.0235,56.068648611111115,56.77954861111112,277.4340833333333,56.03263611111112,218.09661666666673,37.171166666666686,22.76070277777778,4.204805555555557,590.6827999999999,609.8586666666666,98.16009791666664,100.97806250000001,0.0,304
2019-12-12,-4.204591537193974,-5.782608695652174,101.88219491525423,100.08452231121282,66.98474485640301,73.0,-9.488231756120527,-9.956521739130435,1.5809043112725316,3.3043478260869565,0.0,248.74779999999998,248.11216666666664,52.20399513888889,52.24226388888889,245.49021666666658,51.82854444444444,185.3248333333333,32.353666666666676,15.492454166666667,2.923145833333334,526.7392333333333,539.4413333333331,78.62169861111111,80.08058333333331,0.0,321
2019-12-13,3.5289152777777777,1.6666666666666667,100.45844427966104,98.82576110197367,61.86976133474576,69.20833333333333,-3.2011966219397365,-3.5833333333333335,1.4674024364406781,4.0,0.0,363.21315,360.497,71.97905555555555,71.63777777777779,360.18201666666664,70.78777222222223,174.52158333333335,31.42299999999999,30.910757638888885,5.9140694444444435,732.9927833333334,744.1858333333334,137.66525000000001,139.75586805555554,0.0,343
2019-12-14,2.569795244821092,1.25,98.73416311205274,97.12201233552629,87.62269821092279,94.08333333333333,0.6871835451977399,0.375,1.860018891242938,4.541666666666667,21.341999999999995,26.90508333333334,30.48533333333334,5.70491711393597,7.010659722222225,26.35508333333333,5.7580527777777775,0.0,0.0,0.0,0.0,21.86606666666666,23.79633333333333,4.771908474576271,5.388020833333332,0.0,328
2019-12-15,-0.3417307556497176,-1.9583333333333333,99.90048888888889,98.15470518092106,69.50492861346514,78.79166666666667,-5.386630649717513,-5.291666666666667,2.7924307556497183,5.25,4.991999999999997,419.7615166666667,421.1006666666668,76.02279861111111,76.40098611111112,419.75514999999996,75.2296875,228.81105000000005,40.505333333333326,34.293472916666666,5.911451388888889,830.8380166666665,851.3668333333334,146.13112708333333,150.46522222222222,0.0,377
2019-12-16,-0.8588879708097928,-2.8260869565217392,100.7790705155367,99.03939087528603,68.10425311911486,77.69565217391305,-6.084103519303202,-6.260869565217392,0.849522510774794,1.7391304347826086,0.0,341.6391666666666,339.90200000000004,60.689961805555555,60.514965277777776,333.4702166666667,59.79440138888889,149.04611666666668,29.917500000000015,12.707559027777776,2.737611111111111,726.8759000000001,742.1605,92.62835416666671,94.33386805555556,0.0,348
2019-12-17,-0.6484554143126178,-2.4166666666666665,99.93538870056496,98.2269214638158,72.33557188088513,80.25,-5.097959604519774,-5.458333333333333,1.9286897363465165,4.166666666666667,2.078000000000003,215.08026666666666,213.71600000000007,40.21154027777777,40.068840277777774,210.72726666666674,39.40924791666667,138.5342333333333,25.553999999999995,7.706684722222221,1.4746944444444443,420.44005,432.31866666666684,48.14249166666668,48.93929166666668,0.0,352
